[
{
    "model": "documents.form",
    "pk": 3,
    "fields": {
        "title": "Template \u0e27\u0e34\u0e17\u0e22\u0e32\u0e19\u0e34\u0e1e\u0e19\u0e18\u0e4c \u0e04\u0e13\u0e30\u0e27\u0e34\u0e17\u0e22\u0e32\u0e28\u0e32\u0e2a\u0e15\u0e23\u0e4c\u0e41\u0e25\u0e30\u0e40\u0e17\u0e04\u0e42\u0e19\u0e42\u0e25\u0e22\u0e35 \u0e1b\u0e23\u0e30\u0e08\u0e33\u0e1b\u0e35\u0e01\u0e32\u0e23\u0e28\u0e36\u0e01\u0e29\u0e32 2560",
        "content": "\u0e17\u0e14\u0e2a\u0e2d\u0e1a\u0e14\u0e39\u0e19\u0e30\u0e08\u0e4a\u0e30\r\ndfa\r\nasdfafds",
        "file": "Big_sE6wnNW.JPG"
    }
},
{
    "model": "documents.form",
    "pk": 4,
    "fields": {
        "title": "\u0e02\u0e31\u0e49\u0e19\u0e15\u0e2d\u0e19\u0e01\u0e32\u0e23\u0e02\u0e2d\u0e2a\u0e33\u0e40\u0e23\u0e47\u0e08\u0e01\u0e32\u0e23\u0e28\u0e36\u0e01\u0e29\u0e32 \u0e1b\u0e23\u0e30\u0e08\u0e33\u0e1b\u0e35\u0e01\u0e32\u0e23\u0e28\u0e36\u0e01\u0e29\u0e32 2560",
        "content": "\u0e42\u0e22\u0e48\u0e27\u0e27\u0e27\u0e27\u0e27\u0e27\u0e27\u0e27\u0e27\u0e27\u0e27\u0e27\u0e27\u0e27\u0e27\u0e27\u0e27",
        "file": "Card_LpMLDey.JPG"
    }
},
{
    "model": "documents.document",
    "pk": 1,
    "fields": {
        "title": "[1] \u0e41\u0e1a\u0e1a\u0e1f\u0e2d\u0e23\u0e4c\u0e21\u0e2b\u0e19\u0e31\u0e07\u0e2a\u0e37\u0e2d\u0e23\u0e31\u0e1a\u0e23\u0e2d\u0e07\u0e01\u0e32\u0e23\u0e40\u0e1b\u0e47\u0e19\u0e2d\u0e32\u0e08\u0e32\u0e23\u0e22\u0e4c\u0e17\u0e35\u0e48\u0e1b\u0e23\u0e36\u0e01\u0e29\u0e32\u0e27\u0e34\u0e17\u0e22\u0e32\u0e19\u0e34\u0e1e\u0e19\u0e18\u0e4c",
        "url": "https://docs.google.com/forms/d/e/1FAIpQLSfCYrtsUUyBEW4wVCJhfDH3f84zxVWHWsgfZDZdgJtvFw7IEQ/viewform",
        "file": "1_\u0e41\u0e1a\u0e1a\u0e1f\u0e2d\u0e23\u0e21\u0e2b\u0e19\u0e07\u0e2a\u0e2d\u0e23\u0e1a\u0e23\u0e2d\u0e07\u0e01\u0e32\u0e23\u0e40\u0e1b\u0e19\u0e2d\u0e32\u0e08\u0e32\u0e23\u0e22\u0e17_PFFFfgh.doc"
    }
},
{
    "model": "documents.document",
    "pk": 2,
    "fields": {
        "title": "[2] \u0e41\u0e1a\u0e1a\u0e1f\u0e2d\u0e23\u0e4c\u0e21\u0e02\u0e2d\u0e40\u0e2a\u0e19\u0e2d\u0e0a\u0e37\u0e48\u0e2d\u0e01\u0e23\u0e23\u0e21\u0e01\u0e32\u0e23\u0e1e\u0e34\u0e08\u0e32\u0e23\u0e13\u0e32\u0e2b\u0e31\u0e27\u0e02\u0e49\u0e2d\u0e41\u0e25\u0e30\u0e40\u0e04\u0e49\u0e32\u0e42\u0e04\u0e23\u0e07\u0e27\u0e34\u0e17\u0e22\u0e32\u0e19\u0e34\u0e1e\u0e19\u0e18\u0e4c",
        "url": "https://docs.google.com/forms/d/e/1FAIpQLSdRhMgdVyEDUZlTn3w6RsjrQPOqwSx2bwKqn3y8dFF99B6BIw/viewform",
        "file": "2_\u0e41\u0e1a\u0e1a\u0e1f\u0e2d\u0e23\u0e21\u0e02\u0e2d\u0e40\u0e2a\u0e19\u0e2d\u0e0a\u0e2d\u0e01\u0e23\u0e23\u0e21\u0e01\u0e32\u0e23\u0e1e\u0e08\u0e32\u0e23\u0e13\u0e32\u0e2b\u0e27\u0e02\u0e2d\u0e41\u0e25\u0e30\u0e40\u0e04\u0e32\u0e42\u0e04\u0e23\u0e07\u0e27\u0e17\u0e22\u0e32\u0e19\u0e1e\u0e19\u0e18_\u0e01\u0e04\u0e19.doc"
    }
},
{
    "model": "documents.document",
    "pk": 3,
    "fields": {
        "title": "[3] \u0e41\u0e1a\u0e1a\u0e1f\u0e2d\u0e23\u0e4c\u0e21\u0e01\u0e33\u0e2b\u0e19\u0e14\u0e27\u0e31\u0e19\u0e2a\u0e2d\u0e1a\u0e2b\u0e31\u0e27\u0e02\u0e49\u0e2d\u0e41\u0e25\u0e30\u0e40\u0e04\u0e49\u0e32\u0e42\u0e04\u0e23\u0e07\u0e27\u0e34\u0e17\u0e22\u0e32\u0e19\u0e34\u0e1e\u0e19\u0e18\u0e4c",
        "url": "https://docs.google.com/forms/d/e/1FAIpQLScQBjvOPEJzxi4LhsrzIsH-73H0Vb4ikPDBOgkf82z3pt5eVQ/viewform",
        "file": "3_\u0e41\u0e1a\u0e1a\u0e1f\u0e2d\u0e23\u0e21\u0e01\u0e33\u0e2b\u0e19\u0e14\u0e27\u0e19\u0e2a\u0e2d\u0e1a\u0e2b\u0e27\u0e02\u0e2d\u0e41\u0e25\u0e30\u0e40\u0e04\u0e32\u0e42\u0e04\u0e23\u0e07\u0e27\u0e17\u0e22\u0e32\u0e19\u0e1e\u0e19\u0e18.doc"
    }
},
{
    "model": "documents.document",
    "pk": 4,
    "fields": {
        "title": "[4] \u0e41\u0e1a\u0e1a\u0e1f\u0e2d\u0e23\u0e4c\u0e21\u0e02\u0e2d\u0e2d\u0e19\u0e38\u0e21\u0e31\u0e15\u0e34\u0e2a\u0e2d\u0e1a\u0e27\u0e34\u0e17\u0e22\u0e32\u0e19\u0e34\u0e1e\u0e19\u0e18\u0e4c",
        "url": "https://docs.google.com/forms/d/e/1FAIpQLSdZm6KqHE0wBwUufrQ1G3RJZv0KMy2N6OefmGVIBQInu12T5w/viewform",
        "file": "4\u0e41\u0e1a\u0e1a\u0e1f\u0e2d\u0e23\u0e21\u0e02\u0e2d\u0e2d\u0e19\u0e21\u0e15\u0e2a\u0e2d\u0e1a\u0e27\u0e17\u0e22\u0e32\u0e19\u0e1e\u0e19\u0e18.doc"
    }
},
{
    "model": "documents.document",
    "pk": 5,
    "fields": {
        "title": "[5] \u0e41\u0e1a\u0e1a\u0e1f\u0e2d\u0e23\u0e4c\u0e21\u0e04\u0e33\u0e23\u0e31\u0e1a\u0e23\u0e2d\u0e07\u0e1c\u0e25\u0e07\u0e32\u0e19\u0e27\u0e34\u0e0a\u0e32\u0e01\u0e32\u0e23\u0e2a\u0e33\u0e2b\u0e23\u0e31\u0e1a\u0e2a\u0e33\u0e40\u0e23\u0e47\u0e08\u0e01\u0e32\u0e23\u0e28\u0e36\u0e01\u0e29\u0e32\u0e23\u0e30\u0e14\u0e31\u0e1a\u0e1a\u0e31\u0e13\u0e11\u0e34\u0e15",
        "url": "",
        "file": "5\u0e04\u0e33\u0e23\u0e1a\u0e23\u0e2d\u0e07\u0e1c\u0e25\u0e07\u0e32\u0e19\u0e27\u0e0a\u0e32\u0e01\u0e32\u0e23\u0e2a\u0e33\u0e2b\u0e23\u0e1a\u0e2a\u0e33\u0e40\u0e23\u0e08\u0e01\u0e32\u0e23\u0e28\u0e01\u0e29.doc"
    }
},
{
    "model": "documents.document",
    "pk": 6,
    "fields": {
        "title": "[6] \u0e41\u0e1a\u0e1a\u0e1f\u0e2d\u0e23\u0e4c\u0e21\u0e04\u0e33\u0e23\u0e49\u0e2d\u0e07\u0e17\u0e31\u0e48\u0e27\u0e44\u0e1b",
        "url": "https://docs.google.com/forms/d/e/1FAIpQLScPs2KFMaGL0A2GYnyQciGgiIhmRjSXXWfgpTeNatwOsad1Cw/viewform",
        "file": "6_\u0e41\u0e1a\u0e1a\u0e1f\u0e2d\u0e23\u0e21\u0e04\u0e33\u0e23\u0e2d\u0e07\u0e17\u0e27\u0e44\u0e1b.doc"
    }
},
{
    "model": "documents.document",
    "pk": 7,
    "fields": {
        "title": "[7] \u0e41\u0e1a\u0e1a\u0e02\u0e2d\u0e25\u0e07\u0e19\u0e32\u0e21\u0e27\u0e34\u0e17\u0e22\u0e32\u0e19\u0e34\u0e1e\u0e19\u0e18\u0e4c",
        "url": "",
        "file": "7\u0e41\u0e1a\u0e1a\u0e02\u0e2d\u0e25\u0e07\u0e19\u0e32\u0e21\u0e27\u0e17\u0e22\u0e32\u0e19\u0e1e\u0e19\u0e18\u0e09\u0e1a\u0e1a\u0e2a\u0e21\u0e1a\u0e23\u0e13_7.docx"
    }
},
{
    "model": "documents.document",
    "pk": 8,
    "fields": {
        "title": "[8] \u0e41\u0e1a\u0e1a\u0e1f\u0e2d\u0e23\u0e4c\u0e21\u0e01\u0e23\u0e30\u0e08\u0e32\u0e22\u0e42\u0e04\u0e23\u0e07\u0e2a\u0e23\u0e49\u0e32\u0e07",
        "url": "",
        "file": "\u0e43\u0e1a\u0e01\u0e23\u0e30\u0e08\u0e32\u0e22\u0e42\u0e04\u0e23\u0e07\u0e2a\u0e23\u0e32\u0e07.rar"
    }
},
{
    "model": "documents.document",
    "pk": 9,
    "fields": {
        "title": "[9] \u0e41\u0e1a\u0e1a\u0e1f\u0e2d\u0e23\u0e4c\u0e21\u0e01\u0e32\u0e23\u0e2a\u0e2d\u0e1a\u0e1b\u0e23\u0e30\u0e21\u0e27\u0e25\u0e04\u0e27\u0e32\u0e21\u0e23\u0e39\u0e49 \u0e41\u0e25\u0e30\u0e01\u0e32\u0e23\u0e2a\u0e2d\u0e1a\u0e27\u0e31\u0e14\u0e04\u0e38\u0e13\u0e2a\u0e21\u0e1a\u0e31\u0e15\u0e34",
        "url": "https://sites.google.com/a/sci.tu.ac.th/grascitu/form/test-1",
        "file": "\u0e41\u0e1a\u0e1a\u0e1f\u0e2d\u0e23\u0e21\u0e43\u0e1a\u0e15\u0e23\u0e27\u0e08\u0e2a\u0e2d\u0e1a\u0e02\u0e19\u0e15\u0e2d\u0e19\u0e01\u0e32\u0e23\u0e2a\u0e2d\u0e1a\u0e27\u0e14\u0e04\u0e13\u0e2a\u0e21\u0e1a\u0e15\u0e41\u0e25\u0e30\u0e1b\u0e23\u0e30\u0e21\u0e27\u0e25\u0e04\u0e27\u0e32\u0e21\u0e23._Je4tuym.docx"
    }
},
{
    "model": "documents.document",
    "pk": 10,
    "fields": {
        "title": "[10] \u0e41\u0e1a\u0e1a\u0e02\u0e2d\u0e41\u0e15\u0e48\u0e07\u0e15\u0e31\u0e49\u0e07\u0e2d\u0e32\u0e08\u0e32\u0e23\u0e22\u0e4c\u0e17\u0e35\u0e48\u0e1b\u0e23\u0e36\u0e01\u0e29\u0e32\u0e1a\u0e31\u0e13\u0e11\u0e34\u0e15",
        "url": "https://docs.google.com/forms/d/e/1FAIpQLSf9bKrMHDPnTITN77v7ouPVTtx8SO1kTclJkXhdegIp0qL3VA/viewform",
        "file": ""
    }
},
{
    "model": "documents.document",
    "pk": 11,
    "fields": {
        "title": "[11] \u0e41\u0e1a\u0e1a\u0e1f\u0e2d\u0e23\u0e4c\u0e21\u0e20\u0e32\u0e29\u0e32\u0e2d\u0e31\u0e07\u0e01\u0e24\u0e29",
        "url": "",
        "file": ""
    }
},
{
    "model": "documents.document",
    "pk": 12,
    "fields": {
        "title": "[12] \u0e41\u0e1a\u0e1a\u0e1b\u0e23\u0e30\u0e40\u0e21\u0e34\u0e19\u0e04\u0e27\u0e32\u0e21\u0e01\u0e49\u0e32\u0e27\u0e2b\u0e19\u0e49\u0e32\u0e27\u0e34\u0e17\u0e22\u0e32\u0e19\u0e34\u0e1e\u0e19\u0e18\u0e4c",
        "url": "https://sites.google.com/a/sci.tu.ac.th/grascitu/form/progress",
        "file": "\u0e1f\u0e2d\u0e23\u0e21\u0e01\u0e32\u0e23\u0e1b\u0e23\u0e30\u0e40\u0e21\u0e19\u0e04\u0e27\u0e32\u0e21\u0e01\u0e32\u0e27\u0e2b\u0e19\u0e32\u0e43\u0e19\u0e01\u0e32\u0e23\u0e17\u0e33\u0e27\u0e17\u0e22\u0e32\u0e19\u0e1e\u0e19\u0e18_1.docx"
    }
},
{
    "model": "documents.document",
    "pk": 13,
    "fields": {
        "title": "[13] \u0e41\u0e1a\u0e1a\u0e23\u0e32\u0e22\u0e07\u0e32\u0e19\u0e04\u0e27\u0e32\u0e21\u0e01\u0e49\u0e32\u0e27\u0e2b\u0e19\u0e49\u0e32\u0e17\u0e38\u0e19\u0e40\u0e23\u0e35\u0e22\u0e19\u0e14\u0e35",
        "url": "",
        "file": "\u0e41\u0e1a\u0e1a\u0e23\u0e32\u0e22\u0e07\u0e32\u0e19\u0e04\u0e27\u0e32\u0e21\u0e01\u0e32\u0e27\u0e2b\u0e19\u0e32\u0e17\u0e19\u0e40\u0e23\u0e22\u0e19\u0e14.doc"
    }
},
{
    "model": "documents.document",
    "pk": 14,
    "fields": {
        "title": "[14] \u0e41\u0e1a\u0e1a\u0e1f\u0e2d\u0e23\u0e4c\u0e21\u0e17\u0e38\u0e19\u0e15\u0e48\u0e32\u0e07\u0e46",
        "url": "http://research.tu.ac.th/form.aspx",
        "file": ""
    }
},
{
    "model": "documents.document",
    "pk": 15,
    "fields": {
        "title": "[15]\u0e41\u0e1a\u0e1a\u0e1f\u0e2d\u0e23\u0e4c\u0e21\u0e40\u0e04\u0e25\u0e35\u0e22\u0e40\u0e07\u0e34\u0e19\u0e17\u0e38\u0e19\u0e1a\u0e31\u0e13\u0e11\u0e34\u0e15",
        "url": "https://sites.google.com/a/sci.tu.ac.th/grascitu/home/hjhjj",
        "file": ""
    }
},
{
    "model": "documents.document",
    "pk": 16,
    "fields": {
        "title": "[16]\u0e41\u0e1a\u0e1a\u0e1f\u0e2d\u0e23\u0e4c\u0e21\u0e43\u0e1a\u0e15\u0e23\u0e27\u0e08\u0e2a\u0e2d\u0e1a\u0e02\u0e31\u0e49\u0e19\u0e15\u0e2d\u0e19\u0e01\u0e32\u0e23\u0e17\u0e33\u0e07\u0e32\u0e19 \u0e15\u0e23\u0e27\u0e08\u0e2a\u0e2d\u0e1a\u0e2b\u0e25\u0e31\u0e01\u0e2a\u0e39\u0e15\u0e23\u0e40\u0e1e\u0e37\u0e48\u0e2d\u0e2d\u0e19\u0e38\u0e21\u0e31\u0e15\u0e34\u0e1b\u0e23\u0e34\u0e0d\u0e0d\u0e32",
        "url": "",
        "file": "\u0e41\u0e1a\u0e1a\u0e1f\u0e2d\u0e23\u0e21\u0e43\u0e1a\u0e15\u0e23\u0e27\u0e08\u0e2a\u0e2d\u0e1a\u0e02\u0e19\u0e15\u0e2d\u0e19\u0e01\u0e32\u0e23\u0e17\u0e33\u0e07\u0e32\u0e19_\u0e15\u0e23\u0e27\u0e08\u0e2a\u0e2d\u0e1a\u0e2b\u0e25\u0e01\u0e2a\u0e15\u0e23\u0e40\u0e1e\u0e2d\u0e2d\u0e19\u0e21\u0e15\u0e1b\u0e23\u0e0d\u0e0d\u0e32_Checklist_1.pdf"
    }
},
{
    "model": "documents.engdocument",
    "pk": 1,
    "fields": {
        "title": "1 Thesis Advisor Appointment",
        "url": "",
        "file": "1_Thesis_Advisor_Appointment.doc"
    }
},
{
    "model": "documents.engdocument",
    "pk": 2,
    "fields": {
        "title": "2 Thesis Title and Proposal Form",
        "url": "",
        "file": "2_Thesis_Title_and_Proposal_Form.doc"
    }
},
{
    "model": "documents.engdocument",
    "pk": 3,
    "fields": {
        "title": "3 Examination Thesis Form",
        "url": "",
        "file": "3_Examination_Thesis_Form.pdf.doc"
    }
},
{
    "model": "documents.engdocument",
    "pk": 4,
    "fields": {
        "title": "4 Thesis Defense Examination Request Form",
        "url": "",
        "file": "4_Thesis_Defense_Examination_Request_Form.doc"
    }
},
{
    "model": "documents.engdocument",
    "pk": 5,
    "fields": {
        "title": "5 Request Form for Graduate requirement approval",
        "url": "",
        "file": "5_Request_Form_for_Graduate_requirement_approval.pdf.doc"
    }
},
{
    "model": "documents.engdocument",
    "pk": 6,
    "fields": {
        "title": "6 Graduate General Request Form",
        "url": "",
        "file": "6_Graduate_General_Request_Form.doc"
    }
},
{
    "model": "documents.engdocument",
    "pk": 7,
    "fields": {
        "title": "7 Thesis Signature Request Form",
        "url": "",
        "file": "7_Thesis_Signature_Request_Form.docx"
    }
},
{
    "model": "meeting.meetingtable",
    "pk": 4,
    "fields": {
        "month": "\u0e21\u0e01\u0e23\u0e32\u0e04\u0e21",
        "date": "\u0e1e\u0e38\u0e18 \u0e51\u0e50",
        "dueDate": "\u0e1e\u0e24\u0e2b\u0e31\u0e2a\u0e1a\u0e14\u0e35 \u0e54 \u0e21\u0e01\u0e23\u0e32\u0e04\u0e21"
    }
},
{
    "model": "meeting.meetingtable",
    "pk": 5,
    "fields": {
        "month": "\u0e01\u0e38\u0e21\u0e20\u0e32\u0e1e\u0e31\u0e19\u0e18\u0e4c",
        "date": "\u0e1e\u0e38\u0e18 \u0e57",
        "dueDate": "\u0e1e\u0e24\u0e2b\u0e31\u0e2a\u0e1a\u0e14\u0e35 \u0e51 \u0e01\u0e38\u0e21\u0e20\u0e32\u0e1e\u0e31\u0e19\u0e18\u0e4c"
    }
},
{
    "model": "meeting.meetingtable",
    "pk": 6,
    "fields": {
        "month": "\u0e21\u0e35\u0e19\u0e32\u0e04\u0e21",
        "date": "\u0e1e\u0e38\u0e18 \u0e57",
        "dueDate": "\u0e1e\u0e38\u0e18 \u0e52\u0e58 \u0e01\u0e38\u0e21\u0e20\u0e32\u0e1e\u0e31\u0e19\u0e18\u0e4c"
    }
},
{
    "model": "meeting.meetingtable",
    "pk": 7,
    "fields": {
        "month": "\u0e40\u0e21\u0e29\u0e32\u0e22\u0e19",
        "date": "\u0e1e\u0e38\u0e18 \u0e51\u0e51",
        "dueDate": "\u0e28\u0e38\u0e01\u0e23\u0e4c \u0e52  \u0e40\u0e21\u0e29\u0e32\u0e22\u0e19"
    }
},
{
    "model": "meeting.meetingtable",
    "pk": 8,
    "fields": {
        "month": "\u0e1e\u0e24\u0e29\u0e20\u0e32\u0e04\u0e21",
        "date": "\u0e1e\u0e38\u0e18 \u0e59",
        "dueDate": "\u0e2d\u0e31\u0e07\u0e04\u0e32\u0e23 \u0e52\u0e54 \u0e40\u0e21\u0e29\u0e32\u0e22\u0e19"
    }
},
{
    "model": "meeting.meetingtable",
    "pk": 9,
    "fields": {
        "month": "\u0e21\u0e34\u0e16\u0e38\u0e19\u0e32\u0e22\u0e19",
        "date": "\u0e1e\u0e38\u0e18 \u0e56",
        "dueDate": "\u0e1e\u0e24\u0e2b\u0e31\u0e2a\u0e1a\u0e14\u0e35 \u0e53\u0e51 \u0e1e\u0e24\u0e29\u0e20\u0e32\u0e04\u0e21"
    }
},
{
    "model": "meeting.meetingtable",
    "pk": 10,
    "fields": {
        "month": "\u0e01\u0e23\u0e01\u0e0e\u0e32\u0e04\u0e21",
        "date": "\u0e1e\u0e38\u0e18 \u0e54",
        "dueDate": "\u0e2d\u0e31\u0e07\u0e04\u0e32\u0e23 \u0e52\u0e56 \u0e21\u0e34\u0e16\u0e38\u0e19\u0e32\u0e22\u0e19"
    }
},
{
    "model": "meeting.meetingtable",
    "pk": 11,
    "fields": {
        "month": "\u0e2a\u0e34\u0e07\u0e2b\u0e32\u0e04\u0e21",
        "date": "\u0e1e\u0e38\u0e18 \u0e58",
        "dueDate": "\u0e2d\u0e31\u0e07\u0e04\u0e32\u0e23 \u0e53\u0e51 \u0e01\u0e23\u0e01\u0e0e\u0e32\u0e04\u0e21"
    }
},
{
    "model": "meeting.meetingtable",
    "pk": 12,
    "fields": {
        "month": "\u0e01\u0e31\u0e19\u0e22\u0e32\u0e22\u0e19",
        "date": "\u0e1e\u0e38\u0e18 \u0e55",
        "dueDate": "\u0e2d\u0e31\u0e07\u0e04\u0e32\u0e23 \u0e52\u0e58 \u0e2a\u0e34\u0e07\u0e2b\u0e32\u0e04\u0e21"
    }
},
{
    "model": "meeting.meetingtable",
    "pk": 13,
    "fields": {
        "month": "\u0e15\u0e38\u0e25\u0e32\u0e04\u0e21",
        "date": "\u0e1e\u0e38\u0e18 \u0e51\u0e50",
        "dueDate": "\u0e08\u0e31\u0e19\u0e17\u0e23\u0e4c \u0e51  \u0e15\u0e38\u0e25\u0e32\u0e04\u0e21"
    }
},
{
    "model": "meeting.meetingtable",
    "pk": 14,
    "fields": {
        "month": "\u0e1e\u0e24\u0e28\u0e08\u0e34\u0e01\u0e32\u0e22\u0e19",
        "date": "\u0e1e\u0e38\u0e18 \u0e57",
        "dueDate": "\u0e2d\u0e31\u0e07\u0e04\u0e32\u0e23 \u0e53\u0e50 \u0e15\u0e38\u0e25\u0e32\u0e04\u0e21"
    }
},
{
    "model": "meeting.meetingtable",
    "pk": 15,
    "fields": {
        "month": "\u0e18\u0e31\u0e19\u0e27\u0e32\u0e04\u0e21",
        "date": "\u0e2d\u0e31\u0e07\u0e04\u0e32\u0e23 \u0e54",
        "dueDate": "\u0e2d\u0e31\u0e07\u0e04\u0e32\u0e23 \u0e52\u0e57 \u0e1e\u0e24\u0e28\u0e08\u0e34\u0e01\u0e32\u0e22\u0e19"
    }
},
{
    "model": "meeting.report",
    "pk": 1,
    "fields": {
        "title": "\u0e04\u0e23\u0e36\u0e48\u0e07\u0e17\u0e35\u0e48 1 \u0e1b\u0e23\u0e30\u0e08\u0e33\u0e1b\u0e35 \u0e1e.\u0e28. 2560",
        "file": "",
        "date": "2017-12-01T18:32:04Z"
    }
},
{
    "model": "meeting.report",
    "pk": 2,
    "fields": {
        "title": "\u0e04\u0e23\u0e31\u0e49\u0e07\u0e17\u0e35\u0e48 2 \u0e1b\u0e23\u0e30\u0e08\u0e33\u0e1b\u0e35 \u0e1e.\u0e28. 2560",
        "file": "",
        "date": "2017-12-07T18:32:50Z"
    }
},
{
    "model": "meeting.report",
    "pk": 3,
    "fields": {
        "title": "\u0e04\u0e23\u0e31\u0e49\u0e07\u0e17\u0e35\u0e48 3 \u0e1b\u0e23\u0e30\u0e08\u0e33\u0e1b\u0e35 \u0e1e.\u0e28. 2560",
        "file": "",
        "date": "2017-12-19T18:33:03Z"
    }
},
{
    "model": "meeting.report",
    "pk": 4,
    "fields": {
        "title": "\u0e04\u0e23\u0e31\u0e49\u0e07\u0e17\u0e35\u0e48 4 \u0e1b\u0e23\u0e30\u0e08\u0e33\u0e1b\u0e35 \u0e1e.\u0e28. 2560",
        "file": "",
        "date": "2017-12-13T18:34:21Z"
    }
},
{
    "model": "meeting.report",
    "pk": 5,
    "fields": {
        "title": "\u0e04\u0e23\u0e31\u0e49\u0e07\u0e17\u0e35\u0e48 5 \u0e1b\u0e23\u0e30\u0e08\u0e33\u0e1b\u0e35 \u0e1e.\u0e28. 2560",
        "file": "",
        "date": "2017-12-13T18:34:32Z"
    }
},
{
    "model": "meeting.report",
    "pk": 6,
    "fields": {
        "title": "\u0e04\u0e23\u0e31\u0e49\u0e07\u0e17\u0e35\u0e48 6 \u0e1b\u0e23\u0e30\u0e08\u0e33\u0e1b\u0e35 \u0e1e.\u0e28. 2560",
        "file": "",
        "date": "2017-12-12T18:40:37Z"
    }
},
{
    "model": "meeting.report",
    "pk": 7,
    "fields": {
        "title": "\u0e04\u0e23\u0e31\u0e49\u0e07\u0e17\u0e35\u0e48 7 \u0e1b\u0e23\u0e30\u0e08\u0e33\u0e1b\u0e35 \u0e1e.\u0e28. 2560",
        "file": "",
        "date": "2017-12-19T18:40:48Z"
    }
},
{
    "model": "meeting.report",
    "pk": 8,
    "fields": {
        "title": "\u0e04\u0e23\u0e31\u0e49\u0e07\u0e17\u0e35\u0e48 8 \u0e1b\u0e23\u0e30\u0e08\u0e33\u0e1b\u0e35 \u0e1e.\u0e28. 2560",
        "file": "",
        "date": "2017-12-28T18:41:02Z"
    }
},
{
    "model": "meeting.report",
    "pk": 9,
    "fields": {
        "title": "\u0e04\u0e23\u0e31\u0e49\u0e07\u0e17\u0e35\u0e48 1 \u0e1b\u0e23\u0e30\u0e08\u0e33\u0e1b\u0e35 \u0e1e.\u0e28. 2561",
        "file": "",
        "date": "2018-04-21T18:41:10Z"
    }
},
{
    "model": "meeting.report",
    "pk": 10,
    "fields": {
        "title": "\u0e04\u0e23\u0e31\u0e49\u0e07\u0e17\u0e35\u0e48 2 \u0e1b\u0e23\u0e30\u0e08\u0e33\u0e1b\u0e35 \u0e1e.\u0e28. 2561",
        "file": "",
        "date": "2018-04-21T18:41:16Z"
    }
},
{
    "model": "auth.user",
    "fields": {
        "password": "pbkdf2_sha256$100000$4EvAbn3UMNK9$khsU4nFV/TeZc6F2y7p3WcO2a2WzIQSvVtobmp4cCQ0=",
        "last_login": "2018-03-30T09:21:55.099Z",
        "is_superuser": true,
        "username": "admin",
        "first_name": "",
        "last_name": "",
        "email": "",
        "is_staff": true,
        "is_active": true,
        "date_joined": "2018-03-30T08:52:53.706Z",
        "groups": [],
        "user_permissions": []
    }
},
{
    "model": "auth.user",
    "fields": {
        "password": "pbkdf2_sha256$100000$N7jzQLkoMeDq$JytyTb4Z3hmNi21ieN6o+St5QN0Ke5UDEhexfAyZlrw=",
        "last_login": "2018-04-29T13:12:45.293Z",
        "is_superuser": true,
        "username": "card",
        "first_name": "",
        "last_name": "",
        "email": "",
        "is_staff": true,
        "is_active": true,
        "date_joined": "2018-04-13T11:49:45.409Z",
        "groups": [],
        "user_permissions": []
    }
},
{
    "model": "auth.user",
    "fields": {
        "password": "pbkdf2_sha256$100000$ouLVJkL9jYXG$MdgKNnDe6bp0eHdl5RWd/1wqYwtJkO9j6Npb8y3OKaU=",
        "last_login": null,
        "is_superuser": true,
        "username": "admin@tu.sci.ac.th",
        "first_name": "",
        "last_name": "",
        "email": "",
        "is_staff": true,
        "is_active": true,
        "date_joined": "2018-05-07T15:22:13.802Z",
        "groups": [],
        "user_permissions": []
    }
},
{
    "model": "auth.user",
    "fields": {
        "password": "pbkdf2_sha256$100000$RF3vH021OzDw$WQk6C6onobeqH1BO3g0hN1os1nOdXPUJBstqnRIUy6A=",
        "last_login": "2018-05-07T15:26:22.173Z",
        "is_superuser": true,
        "username": "adminTU",
        "first_name": "",
        "last_name": "",
        "email": "",
        "is_staff": true,
        "is_active": true,
        "date_joined": "2018-05-07T15:25:27.017Z",
        "groups": [],
        "user_permissions": []
    }
}
]
